PC1,PC2,PC3,PC4,diagnosis
3.9669545956988377,-2.9472787209818945,0.7820421907334913,-0.22557139641308555,1
2.968677600572591,-0.8906066225951695,-0.9408377878069446,-0.474343933106762,1
3.7581680282596235,-0.3393403024245801,0.6202525344370314,0.199971067147798,1
0.9999110145061587,-0.09938286698578452,2.5661714893431773,-0.14371306751541513,1
2.688957320797757,-1.7004317798708806,-0.5881861828690484,0.47393392035533843,1
0.21695323467997346,-0.9720294968700776,1.2076456617865725,0.024694821165887167,1
2.5276188885592026,-0.3122359241252127,-0.23877362711946162,-0.5277477657885641,1
0.4734021871378007,0.24479333217307683,0.5687642368396443,-0.2396978644739448,1
0.9323196505751078,0.3068433558286902,1.6761913039939544,0.07530718922615809,1
0.8301318982431033,0.8435437439417465,1.9185710725559313,-0.12241088450415172,1
0.5884845007380278,0.882067988611416,-0.7797683971696856,-0.3137921946067756,1
1.4866790752407433,-0.6212021535149245,0.15370468849470129,-0.5547510004394208,1
2.9696167378959397,0.6892382274646057,0.12352633605965646,0.5268476435230819,1
0.5264243203379912,1.0041942585243704,-0.1475415559545653,0.1865580602108236,1
0.9793365540453473,0.49385430567990013,1.6267461601469715,-0.21728923248262766,1
1.354371963608382,1.6502803085763036,0.7378183679334244,-0.10759407075351501,1
0.8884045760615827,0.030578962680619232,0.1555952926094326,-0.5390083706929553,1
2.265963250161994,-0.1690438689440047,0.7985555896988942,-0.07724939859653968,1
4.293197174852127,-0.13120399581567063,-0.3726866345460962,-0.7926075632670441,1
-0.47041769690208224,-1.0950552125289197,0.31141872600363085,-0.12012790822835274,0
-1.110876029518017,-0.6093991556042387,-0.2826280221895537,0.03332418349160371,0
-2.568644144574139,-1.1384144169354424,0.3036814012993616,0.16463400931531835,0
1.5684050644916927,-1.5909309597915537,1.3820031515434812,-0.29388735758889695,1
4.367786693576504,0.1092498332131939,-1.1568949305299536,-0.6457822505656352,1
3.37946732381651,-0.13459581946322502,-0.12361855715249438,-0.8228487926140718,1
3.2599484957503537,-1.4222468984357335,1.2685280526433311,0.11836667692767444,1
1.8341459491454954,0.06716434976678312,1.815259714338545,-0.6584240019777982,1
2.0389078517833403,-0.1566414500096313,-0.49560607367303805,0.11226227657056179,1
2.2975067791524206,0.9382317535626082,0.6839125598929274,-0.3973079860181645,1
1.4411028745752863,-1.285243681476665,-0.2727812816208361,0.13075922954844396,1
3.455230329390301,0.6695816290384131,0.17039327307297342,0.4741902968075622,1
0.20552651838862665,-0.19103229101212532,0.5636748853611524,-0.5684849427195268,1
2.5783361861059704,0.5396605655363059,0.6962165113958484,0.5408952023149701,1
3.1362676182995086,1.1257250963913514,-0.5790634458605255,-0.3586209875994151,1
1.60938952264239,-0.669196995547093,0.3445294214396825,-0.32167536117733925,1
1.624296308051357,0.2297764094943321,0.08427038693849936,-0.5126249147528522,1
0.438101275305727,0.4707250469384374,0.39906851587469605,-0.14583347693769771,1
-1.4155461571619317,0.08635736756440363,-0.32173511188826037,0.35409869557603535,0
-0.713807118932525,1.586627580655435,-0.8653964933694321,0.5352024190433724,1
0.6433152982268305,0.16781325002131364,1.3664925827208358,-0.779509389824037,1
-0.44610189393364796,0.6588542871303996,-0.13889141143406997,-0.5075163232879774,1
-0.5906964524611744,0.5351960008098677,1.1503671681156085,0.04766047909569282,1
3.908792076959954,0.5306354794795564,0.3201189715238953,-0.6450225520181053,1
0.45008147669474385,0.1242981305079215,0.5158901620478112,-0.22929379438896744,1
0.2641618151420211,0.513523477798855,0.7098254627824867,-0.3599415980280678,1
3.0030238040042607,-1.0264838908306813,0.4474191967801962,-0.33806708981517664,1
-3.077877703835196,0.022423237012098005,0.07897530916269019,0.27557194778998306,0
0.5701533334430045,-0.34760117454624373,1.4314275023178822,-0.3125308571328934,1
-1.4885575145960976,-0.7940845740318176,-0.2213229235049915,0.04265846052227046,0
-0.2782007195026105,0.7625323739318065,0.2748617612775461,-0.3132096514639804,0
-1.72263208556775,0.9230992142533719,-0.4488711042733171,0.09101563156634268,0
-1.0738971362305396,-0.45505045319012305,-0.37427559525304943,-0.2809548922573478,0
-1.6553414260929995,0.10099315884336471,-0.2397352481179752,-0.09289846673211521,0
1.9757293744856572,-0.5483372557913236,-0.20162426366314734,0.7780722738973374,1
0.5784213406812246,0.5550942715006073,-0.0322290375031399,-0.6937173666160407,1
-1.6125254615318703,0.197748122460021,-0.05889082536947355,0.08433563152733042,0
3.4142050417086143,-0.8090773746324195,-0.42696934928778485,-0.5861227626463862,1
1.164898739654164,0.2594355136689588,0.8960744504906686,-0.06971636566397899,1
-1.730049636510547,0.42067660471311363,-1.0893334233549157,0.10394519332665453,0
-3.0568025046973046,-1.1814415854390445,0.12501347119422723,0.0977907394189646,0
-2.58865706243091,-0.5194389287894011,-0.2527233413190108,0.2696691433737405,0
-2.6913316277387542,0.9292091703300613,0.09205459815030748,0.2987619076019305,0
1.2321911827083774,0.37622235538289295,0.9157903504736286,0.045895856026200055,1
-2.594316620352044,-0.7943233206632515,0.25022472942987944,0.27988121979989133,0
0.7314889480344184,0.887418799933457,0.9589190208490809,-0.25575323368046154,1
1.1819672712730376,0.8069957435488986,0.8434258617611815,0.33422055960892916,1
-2.1843036922567363,0.8218031483079712,0.3711940243387774,0.07432202798204329,0
-1.6818845881422924,0.2702936694201798,0.08865298441390375,0.07368464924000867,0
-1.3953232648571023,-0.2960056638025494,1.7746326491530762,-0.2656596941456958,0
-1.4511052624942522,-0.3648331411363992,-0.26264691246752175,0.22482925733921863,0
3.029496793299804,-0.07005577497534629,-0.6536630106243433,-0.43878688765321316,1
-2.588573532828397,-0.6229365993628709,0.3720623850366819,0.460206268822862,0
2.6566366153445142,0.731136567632367,-0.024210341890536356,-0.47844786907415043,1
-0.01060266577220269,-0.8357349234408809,0.25145265059111516,-0.27808620479243024,1
-1.2646688919386178,-0.39309982831244816,-0.08668481808561768,-0.19236676747882964,0
1.2689561908928142,-0.159160967920581,-0.04875861080243163,-0.18553573869559278,1
-0.9924399814981794,-1.8111343432148566,0.057214893786693845,0.7152508475582685,0
2.707390270046099,-1.3107634441295055,0.3525502751089459,-0.0400278165999558,1
4.569186128270521,0.11624830465887812,0.9190440769415156,0.6738489420541744,1
-1.1524548880848486,-0.05864468467675429,-0.20495131729888086,-0.1097379017155698,0
-1.4749440536605207,0.7015418976474926,-0.08122497501649996,0.06479957852637652,0
0.04855010616180237,-0.8911000257479318,1.048513569199164,-0.06677458848189821,0
7.078399207071416,-0.11193846213662276,-0.03558911961961813,0.7071326983895733,1
3.2866063678952186,0.9183359872958484,0.7188881750149895,1.249720761125294,1
-1.5165772525763184,-0.5442639260639034,-0.16593293987732038,-0.17962093191025258,0
2.4682031597141902,-0.6491029940386618,-0.4359818447496869,-0.02527817111008635,1
0.15589342783271515,0.478862156511291,0.11903496119300674,-0.04621691665773017,1
3.048730892410742,0.6749860995174658,-0.2143603378349637,-0.4149648146965299,1
-0.6535465757188108,0.700416822413551,0.5025449860888395,-0.14135745556585072,0
0.2461631216476698,-1.043280510978097,0.41423904642216375,0.153496520474449,0
-0.3472352061023548,1.2285155935077186,-0.561363973249706,0.07482127523290583,0
0.7652005399044438,0.6241982945852246,0.5585167650068009,0.30375022292251364,1
-0.7067454042694479,-0.9007956463902098,-0.3110457516310973,-0.4115289750862959,0
-0.8691318688145501,-0.037472019009423145,-0.3175968683439081,-0.07104155606245383,0
1.5385662602568155,-0.2425226806102392,1.0802116669433348,-0.20776193937195342,1
3.0285035809776235,0.3269249153833932,-0.8141229454970639,0.10276945762176581,1
-1.5515982004585434,-0.034799477537535366,-0.09769500359802119,0.26752561217036663,0
-2.469790857185888,0.6593969046516933,-0.21717726109704424,0.2308407904608984,0
-1.5890729531772267,-1.226132691899694,0.15843285915051974,0.05456061471466628,0
0.4118893492102342,0.0025390751834048664,0.5239810660343328,-0.1739333020265515,1
0.2350872636348782,1.3079936317516339,0.10617707977991692,-0.1749859288753809,1
-3.7239871550436083,-0.6511183859928998,-0.09135279007930337,0.3973344539093926,0
-1.3713655888263272,0.5763546306980157,-0.0979838689530281,-0.08717076238579835,0
-1.7455367610505093,0.3273258346795149,0.737522405000571,0.06106848223024729,0
-2.219189688568782,0.45692382803504905,-0.23786491299085394,0.19755763161485757,0
0.7186548223379512,-1.1256578483719033,1.4671044896395071,0.08917444448937017,1
-1.0454837101207846,-0.051540072527855744,0.599702352942712,-0.187839789430815,0
-1.3630017365352165,0.10017743913691513,-0.0230528111869333,-0.14935699764532387,0
6.163863021887442,-1.190897174710692,0.5283801409919596,0.39995932138063284,1
-1.3862772116593443,0.7450237850212084,0.11850833765162025,-0.1534596637638117,0
-2.263720036214351,-0.10224967173660968,0.11807482952303854,0.13034861539284276,0
-0.5729799751949965,0.4098093904861998,0.6746228223254838,0.4058764465320584,0
0.44089349120016047,-0.062204906291106324,0.7861863569348236,0.2991457570779443,0
-1.844909506026084,0.5545363503179221,0.3153572400126034,0.3558695601003351,0
-2.2798191412020072,-0.41761185896107367,0.8645887798348278,-0.16191388866978745,0
-1.2643078697348347,0.7968404087062165,-0.0960276670023052,-0.08070771087132861,0
-2.6769259603526345,-0.3303337721393902,0.24702354752357383,0.4508806896770847,0
1.4244600610134388,-0.9577025408454771,0.9196653558011768,-0.22599514316587277,1
2.0741009912272355,0.3967130888681347,0.8282845770835884,-0.09804709786522536,1
1.244805510712523,-0.03195496903959807,-0.7625171813019833,-0.024182920545210842,1
-1.753979456581351,-1.6659725975734538,0.12280847146988891,-0.13353322141687676,0
2.2564590865291754,-0.9493974962892836,-0.3407606811388291,0.00807913300634011,1
5.722905272627151,-1.0062513194727694,0.1292830973221339,1.8125433393764026,1
-0.3705429632849479,-1.9368584770934043,0.14432224834973836,0.09539198621423878,0
-1.0436519580984591,-0.4712469320093976,-0.1319557513088165,-0.07397423782050688,0
-1.163189958951063,-0.1977407717843134,-0.8854755796566,-0.17961182472764808,0
0.1972738822393974,1.2606483130798167,0.07648367305895523,-0.5838024438009213,1
1.833829767313066,-0.3787558188898692,-1.2096390059108877,-0.15940466291975242,1
0.4381850804771207,-0.8330531039801682,0.6331857779585759,0.47223004386002654,0
3.198144728487891,0.7269227212359427,-0.05505744822258623,0.598495250158643,1
-1.4426657047442153,-1.1310851889064286,-0.052497613221159554,-0.04955843591627046,0
1.2322061998602103,-0.2177552985600352,0.25620234165821343,0.08283417113754693,1
1.0848022265677884,0.3458907271390509,-0.3180772743821819,-0.19648704510495482,1
0.35769669665796916,-1.3462672577308852,-0.011616583675947782,-0.055084507091267804,0
2.113218146624335,0.250906149473835,-0.7849790094746317,-0.08275626072852282,1
-0.7902725440242951,0.917532893895386,0.0236791179813624,-0.12722993104749752,1
-1.507930063070448,-0.3145765944376385,-0.0747940126237184,0.029249984441464368,0
-1.6495688828817072,-0.6131307553417655,0.23717588657756572,0.03947079088840358,0
1.098567211144491,-0.6663597586136869,0.6079330172929863,0.055450753577430456,1
-1.6210804529631608,-1.1223724283627323,0.5071961208272545,0.40270529257078447,0
-3.1398547108617074,-1.0767045896616174,-0.6107198718927455,0.23529038769915245,0
0.9376235892956472,-0.4477468943752,-0.4581099361919447,-0.10739430474256373,1
-1.7273479377276535,-0.11528480113012166,-0.10528918493687876,-0.02248526549623953,0
-0.9219804931745109,-0.6098049416715571,0.004321617190981652,-0.1999501663082479,0
-2.3392921428726066,-0.5309581222419352,-0.4054290531384933,0.03843128408223451,0
-1.617914319161935,-0.7721868101312692,-0.15169378667742797,0.1765472308802795,0
-0.11315662303084154,-0.7193728095813012,1.5374741587269176,-0.03981089632567725,1
-0.32505949442585613,-0.02723355100192636,-0.5007823565681077,0.017993685013834467,0
0.12872790842029302,-1.029419571283892,0.5018946013775305,-0.25891273527957903,0
-1.113378584981852,-0.05274421864448368,-0.7240661622813357,-0.1808475966075178,0
-1.0964372055158564,0.5905311587602193,-0.2942799739227677,0.12110868403013608,0
-2.3651408448785625,0.7511821956109468,0.8211988461281664,0.176475819908965,0
-1.0080336903448759,-0.8668480434935413,1.7951873259446205,0.45682812080059026,0
-2.1668562489993364,-1.0355026276581156,-0.13832261871977525,0.07992834130088505,0
-0.862433427373542,-0.7589391449258622,-0.0585060857050654,-0.09858969388494802,0
-1.3252840436091484,-0.05026511024157312,-0.03052311047582617,-0.09185591387610295,0
2.0536246454051157,-0.09353504798452683,0.12524540640277776,0.6005841254970636,1
0.22177551661934733,0.06590536391686998,-1.0583986323401662,-0.17126242928032903,0
-1.770111032821852,-1.187886441786952,-0.19828735718650692,-0.07374620757938632,0
-2.3552971505110425,-1.0012311697505822,-0.4402683603450812,-0.05794949340516353,0
-1.1294486977774376,0.4249570280781131,0.17948141442931564,0.1700583639287051,0
2.47452393767674,-1.288214494520832,-0.24006613497903395,0.17853505184479446,1
4.12131966804339,-1.0940401462251474,-0.008463520429209887,-0.013942649951825816,1
-1.0608903541772552,0.9048505082010003,0.07294357473609556,0.031140010257777764,0
4.845874172119846,-0.2587214798637018,-0.9651017762125991,-0.37073759706245196,1
-0.7168137295439455,0.3109688415675187,-0.8751606742325916,-0.017602772207288123,0
-2.4899041206750017,-1.7688994052880573,-0.20827334131176192,0.12786693742087085,0
1.3317679179680881,-0.3650289128654638,-0.23552126063778916,-0.13866174518652682,1
2.931036403712734,0.6959063272986528,-0.011730692424007034,0.14730023780674528,1
-0.4305505028474236,-0.4434288712278389,-0.46110338920812705,0.06193873773937711,0
-1.35155668243232,-1.380965874899993,0.15713264207161987,0.03280363224785213,0
0.03710479882565529,0.10940242557495392,-0.21988974398101538,-0.5239557722075371,1
1.3449300269144657,-2.0897297949207934,0.8251871039863833,0.331382330346528,1
-2.207765787238486,-0.6541644003318191,-0.05739816000051114,0.39191963429859455,0
-2.741357406847556,-0.38976453959752044,-0.7590315287762875,0.20953439493102854,0
-3.3404220675408642,-0.4679877907766094,-0.33838739500368187,0.3411569427259715,0
-1.6569968293207662,-0.012259177804687296,0.7631060387626356,0.13277567640044965,0
1.624699482275234,-0.19114616670339424,0.8787397097240495,0.002437274308181412,1
-1.684529724567236,1.1004205502074553,-1.058425976111178,0.12606109512260333,0
-1.8605462009841418,-1.0651233947467957,-0.6979853772712471,0.04909238458217391,0
7.7426498510730015,-0.9230910353096241,-0.9854991790380232,0.9573303284879909,1
5.292461774912977,0.6113873736231222,0.866868744512034,0.0109308295515248,1
1.1257726801901582,0.04412376508318561,-0.14075022322463265,-0.531438309042083,1
-1.869212357490144,-0.6643820997229734,-0.0440550660769651,0.11323607548818848,0
0.3132507074128055,0.7097134982486039,-0.2840797037029455,-0.4263348374825764,1
-2.6303887591917596,-0.4253745484303235,-0.6282426174132275,0.10981527398966362,0
1.7242187792891985,-0.4713098044661843,-0.5771660846707709,-0.3562702234740308,1
-1.2172502617319434,-0.28027567418441346,0.44495766597415115,-0.12814990243253202,0
-1.9129040391268006,-0.04957938985155382,-0.3482069127892467,0.14443373295785705,0
-1.7255176103054595,-0.43044695775439046,-0.4614705371032562,0.044493472008999946,0
0.6446547815233604,0.7221153368905115,0.9717333369432063,-0.13425907216983785,1
-1.2165211576406132,0.7634427807487941,-0.3553010376564186,0.30952053974845467,0
-2.9728355278822107,0.36058403688280427,-0.44147602945794073,0.3531042827933073,0
0.1522768295344163,1.7378936997086525,0.6975887383167457,-0.3199062859545103,1
1.14621376946654,0.6333614723674275,0.9809848634598389,0.2590452631703476,1
-1.2381365054350082,-0.4423582712872202,-0.17053835225267736,-0.09686181359034235,0
0.6390184957885753,0.5417746089049397,0.7917127645849459,-0.17721225470380603,1
1.1554357641415638,0.4244688360312723,-0.9776963513116411,0.31309465052882773,1
2.7905677750830145,0.2655554592558693,-0.7687523488154924,-0.4847812880604292,1
0.921081185769061,0.01464035402914524,0.6128339640013398,-0.5331619580520413,1
-0.7347078027843122,0.19275759623255598,0.343648862457446,-0.04165980067672934,0
1.985563864851386,-0.3933312716021077,0.15984960260820544,-0.3530553778447686,1
5.656564963328897,0.5515146512574445,0.4646942561575647,0.7855010441358222,1
1.7178751043236993,0.6596710753457345,1.105038396226037,-0.2220776212164811,1
-0.7229726354130912,-0.022474287876186782,0.13939909367177797,-0.09375589724300541,0
0.215472501780691,-0.6343693214384154,-0.2860897799435355,-0.36238020801776005,1
-2.330251254896002,-0.03472235034139123,0.23982865269283601,0.22093625507369813,0
1.0182310625141229,0.07329994137254153,-0.722749057165991,-0.020638225631619978,1
-0.2631539519463739,0.7987833730800363,0.39076688785966,0.12761656088359064,0
-0.2762080387724972,-1.4135003431589026,-0.611726444093596,-0.3342009517983267,0
3.2748803146876115,0.035893476101406564,-0.3646272896385612,0.05549929898466871,1
-1.5517924430442642,0.24526445062672728,-0.17699360289349964,-0.1583842864026866,0
5.988518669150504,-1.353238043176374,-2.15363885320944,2.0007972537531202,1
1.160267771016001,1.2641498037749832,-0.370375613812126,0.45113038572209857,1
0.8811657231266483,0.856177450124918,0.8183090388930053,-0.28689498479176484,1
0.10856065344729897,-0.620462289023486,0.7070797339767577,-0.2910828987021703,1
-1.0888908936696828,-0.028441574526629165,0.44411007906694183,-0.18385336267587377,0
-2.3016516807529457,0.04530564193278564,-0.22734647471606229,0.11319287239591502,0
3.4087500159102566,-0.08508796494079016,-0.7601003656880808,-0.32060200669022654,1
3.8854590581089457,2.4604706560168195,-1.2446457015269496,-0.6725678581027305,1
-1.0513285189454522,-1.2117781674325812,-0.4517511617822978,-0.17928865169541594,0
-0.7663226689745793,-1.1225005932395502,-0.10534525968010759,0.09836881685130719,0
-2.165192532202621,0.004550167556682865,0.12537894318331705,0.15237770434855946,0
1.1216026906020948,0.0111242756249063,0.008510110326298356,-0.19740935830555498,1
-0.8427590486835029,-0.3488050920991408,-0.19661457293219076,-0.2949801497608221,0
-0.2638648704300702,-1.3121877413719345,-0.21650757322318032,-0.11741464307112937,0
-2.3338124529179334,-0.4338361234041326,-0.14986583879270382,0.0755282062948065,0
-0.00601299951603382,-0.8827453133760992,-0.045406829800687325,-0.4459301611434636,0
-0.6984270116720481,1.2471075296429979,0.2617553552659592,-0.4089163233470951,0
0.5659445513890555,0.5316279771590771,1.3743639100960368,-0.30633241898071534,1
2.505218425776423,-0.6362756886722151,1.312619767796435,-0.14586676029793144,1
-1.8307239156126691,2.2493702834738234,-0.4928128520440597,0.15843033949882646,0
-1.4312551578127803,3.7545714335062277,-0.2655441099789681,0.18676205993793193,0
3.384737470976048,1.4008644650213244,-0.9317473381749096,0.06822028109512332,1
-2.350934029862031,-0.3577437434828288,0.376157574304503,0.023990614571013643,0
-0.7380143597496222,0.6480666068651671,-0.4504482227212828,-0.19106827876837862,0
6.080324397010605,0.6592706219583243,-0.7121865043470775,-0.3842044710578928,1
2.708145860866659,0.06371202891032576,-1.3545941269267805,-0.30571835812507164,1
-0.017484398755516,2.0420976997488243,-0.14130732405935897,0.2635876298088725,0
3.307108923766838,4.060495207805527,0.5987276718845923,-0.2159552085653339,1
-0.8497555897120675,-0.7028795858519445,-0.1019477834941242,0.04121985407367476,0
-1.9097840589204709,-0.5905348102403805,-0.5944138357265146,0.03687819512233814,0
-1.1808984719424154,-0.052619290812622614,0.5842723216291926,-0.30483619732209566,0
-0.7398681104168198,1.2455912404008538,-0.5085920790371493,0.06169716767875194,0
2.5388858215563372,0.5035263695265039,-0.38781836602854053,0.28912876342264254,1
-1.7733951756322948,0.46256842620162353,0.3355952078851795,0.28421390145983083,0
-1.5322154740627538,-0.09406717547775933,-0.6378977865384031,-0.03490416275338892,0
-0.46200154917451386,-1.1598227244767083,0.5709552197520583,-0.5233231393210795,0
-1.5856575453202653,1.7237898231750204,0.09309489561818546,0.03464025644740182,0
-1.5415282080278863,-0.7462999467024,0.31072969578115356,-0.06145331379272986,0
4.256386258630687,0.14856043246161973,-0.0822376268471407,0.45121147057417543,1
-1.607272043639648,0.12928294846328858,-0.08068607850241322,0.007335711398625597,0
3.663977669880637,-0.6068738642747341,0.15981478613424355,-0.5827712949725304,1
1.7283996193584894,-0.891433477223635,0.2773418970329607,-0.07120683271089895,1
3.2314031870957494,-0.59302957186772,-0.4891098262637091,-0.49087534416332235,1
0.03739634658827184,-0.5518819890367628,0.28639986315220306,-0.18590854593353226,1
4.141909842199702,1.439126073659602,-0.21924669869956404,0.10493859142439743,1
1.8071343446860748,-0.9579663983688431,1.6086607786453972,0.4119278702827013,1
2.973440223212784,0.22422541976647545,1.6653383791039615,0.27710623410786417,1
2.169317775725744,2.896235650490497,1.0408953073472234,-0.10330588304538657,1
3.4880787293409545,1.1824871173163534,-0.646771776718725,0.1264883600629354,1
0.7069300957830589,0.8410314423002225,-1.2624938657071076,-0.22421041415940268,1
1.8283584957668433,0.32056464725342604,-0.1888418280388841,-0.0031172238875656366,1
-0.005718742123447558,0.08238287664042505,-0.8273123128625374,-0.22362881466553072,1
2.1256856027823483,0.24759395326468167,0.07866039086597415,-0.6388462807744483,1
5.200738147970338,1.9201736725565863,-1.841945241086119,-0.6892530227330452,1
-1.677173099111958,0.2348859991066485,0.31947395625037933,0.05725329089708342,0
-0.9060449177735767,0.8217578688139521,-0.4959609279326183,-0.0072324745829007745,0
-1.5073739464735445,-0.39759127375973924,-0.4856555626636761,-0.043359362460497486,0
-1.587302707523861,0.5487993715236147,0.4612229043720921,0.081163503465887,0
-1.4288604882273432,-0.23132881548748402,-1.094797080065114,-0.02560212477427049,0
-1.790655839459266,-1.1428415375524015,0.24535002007718193,-0.019504569656841223,0
4.542757247252641,-0.4276403911602847,-1.2089822349194357,-0.0452026780459337,1
-2.4536459356418594,-0.3770055231816048,0.08987929602308858,0.1095834494784581,0
1.4568886837573418,1.004688799656778,-0.9320676648180571,-0.15831480731822115,1
-0.9796085783075261,-0.33692658995377006,0.7641844736719231,0.8816186639075876,0
-2.502723812375826,-0.6716434693730474,-0.7640489795625777,0.14962041756351785,0
1.428948092445232,-0.08639936261203168,-0.7345628654408731,0.08068069514697188,1
-1.1568377675547898,-0.05301883328869741,-0.826732422779776,-0.16770008303179373,0
-0.7376063981429646,-0.8228369227598898,-0.09058275996597875,-0.05358586003036911,0
3.335754995553612,1.0825872346202925,-0.1887658862781451,-0.027337862083639645,1
-1.5450386082407985,-0.9441245432320574,0.04505186745769022,-0.046904384207589384,0
3.0817480416767733,-0.8818223493855265,0.09080125872030989,-0.36194989590178855,1
1.4755003445600776,-0.45834419834160756,0.5330927172809476,0.16386480263114794,1
-1.012465414968411,-0.6565296051740145,0.11359302932097272,-0.07430828623929446,0
-1.979710171558917,0.2475384587656122,-1.0033343815856939,0.136229355705219,0
-0.8039770261945786,0.4823738363021585,0.5105616381570148,-0.09570732956654855,0
-1.7713981983261324,-1.0725867772548725,-0.5909699703547319,-0.08339438577483527,0
-1.157862898537549,0.3287052575095778,0.7381507669552051,0.5435814100061191,0
-1.7201640466450732,0.2482136951348131,-0.009960903945217698,0.11029385197200109,0
0.004884931833696147,0.0795829385044329,0.15294148525431817,0.48095258508246774,0
0.26283945851585266,-0.11053056295779268,0.2776101457135725,-0.26146747541375415,0
-1.0389417689250902,-0.5814887744869036,0.19539920946824477,-0.0737483932159482,0
-1.4089487179218296,-0.15724774523936846,0.13955664261897202,-0.1523692389849311,0
-1.621250144282941,-0.9601968347635678,-0.3708871252649455,-0.03705326201872122,0
-1.3806470204673273,-1.1112629529578804,-0.6742289543869666,-0.03194573109483173,0
-2.52494624260521,-1.1290779869131464,-0.3293373870849885,0.22353812898287984,0
-1.3288023504922228,-0.015091332341851279,0.06290036882644161,0.20685104635983564,1
-0.7421927829386165,-0.05777815221167198,-0.7540541266510995,-0.3599631736991212,0
-2.090118349208849,1.314546519305222,-0.039593089784288445,0.421491927904765,0
3.6156486512153623,-0.7849599974462305,-0.42953384894434027,-0.1378616067096432,1
-1.164933229714492,0.3735377530567522,0.007018972699023412,0.11493920622069034,0
3.7103439067171995,0.31951889813779893,0.04019154607768844,0.5947232215152671,1
-2.0704910472266147,0.2368281619458322,0.21101767451282566,0.09681182450218861,0
-1.787154630378144,0.10584385939833013,-0.22152523816310002,-0.00354541486629373,0
-1.5842018418675032,1.56644401996702,-0.2117270616932191,0.09953249890765953,0
-1.759308849755516,-0.40188303532404573,-1.0498799449485425,-0.060623121357291976,0
-3.117448778456693,-0.5293290468418058,-0.2367834404767403,0.27050900373834064,0
-1.7716113858088924,-1.1278263107594633,-1.2138517210992716,-0.07446931534136891,0
-1.6749755775119797,-0.8949910246351865,-0.9429808235260294,-0.09168577969394387,0
-1.779474586668974,0.3303966318852809,-0.22504449434707133,-0.04804052906896794,0
-0.8743567349152926,-0.616189308967654,-0.9469624773854234,-0.12551456774644237,0
-1.313423836922777,-1.127701726765801,-0.19229122434502932,-0.1397429208879637,0
-2.2902779830477438,-1.5471448918769293,-0.44763533541941225,-0.07619342572834487,0
-3.2098514150849873,0.4842957746482919,-0.23607922072245444,0.39867968196961134,0
-1.9305429501684888,-0.14468651804089844,-0.7675882898199649,0.05372921766971639,0
-2.2415409706623834,-0.7386442339168238,-0.8331830094059592,0.11106415022655236,0
2.1594825846466263,-0.5200675130887624,-0.1653234074308545,-0.17418153787238172,1
-1.6335472927326435,0.146624749305713,1.2529773615077555,0.2932542023262492,0
-1.886353017731818,-0.1367541428718205,-0.5867052025182897,0.2878379820901335,0
-1.7176878471423538,-0.44833691889777894,0.7296341609287126,0.20634231322353735,0
2.4984332254583554,-0.3598241682763652,-1.0014999124540238,0.135016495787965,1
-1.0259725265274966,-1.2223835426101939,0.2182397623071742,-0.21996150198403808,0
4.671323176108223,-0.4683753086469159,0.7839024498692866,0.23351863840179787,1
-1.6156273021826737,-0.6126743861602264,-0.4483331059777626,-0.07242157093277085,0
-1.4671851020755642,-0.1549655385018572,-0.38732721494551975,0.0648933498227664,0
-1.1222130154970662,-1.2548649389752524,-0.7172897652995667,0.05603948216887544,0
-1.982840959391119,0.1181775084522354,-0.6822462880582708,0.04340104729365468,0
1.526025350831341,0.012597946702939709,0.26528213631228276,0.1321858678193653,1
0.838821337308527,0.4321442153264036,-0.09261108524043932,0.68086628332342,1
1.2284534313028461,-1.1694038818841739,0.5335694102231332,-0.42465384670364714,1
-0.7723014504656,0.17666666133183706,-0.0015361089677907117,-0.18916044498863505,0
-2.1751761833319243,0.600499590676301,-0.5133784664198033,0.20994756114555135,0
-2.335709944942847,-0.5520806467179497,-0.7712412284872981,0.03078767056186593,0
-1.7519364886264142,0.32485261308409247,-0.5725348198179112,0.0014173983644462074,0
2.3265348096101346,-0.08108196604715989,0.3152560815091578,0.10523604851029755,1
-1.5797678830767121,-0.86099157397592,-0.42931171265889306,0.05143239076051248,0
2.8484246015338517,-0.0027935357999350446,-0.4905418043207983,-0.9568702228425376,1
-2.125849927724758,-0.006060135567188425,0.2055481896584115,0.05420452705542833,0
5.847388913356382,0.06514629180637718,-1.1100269691074516,0.41324008744026486,1
0.044722172971114804,-0.6577873161814944,0.11163674608961713,-0.4155722734576607,0
-2.0838628937237016,-0.19572177403160915,0.48762809666208967,0.022787480330610562,0
-1.5461850540083595,-0.7553016827422673,0.5719597668078968,-0.05021169959316146,0
3.4531349629695023,-0.1478674917748182,0.2875227598798088,0.015379221287103671,1
-1.4915163430795304,-0.6225760690351261,0.10744735477961126,0.09872603120269616,0
-2.4060925145426624,-0.612035203390707,-0.03393253319365474,0.30030263851020267,0
-1.6575717502556016,0.2760329788572955,-0.4754917935279284,-0.13408496134550063,0
-0.08944781217776626,-1.0335974875345164,-0.25252308567768356,-0.4643856764645682,0
-1.7854009463104688,-0.4176096186072782,-0.02221906035403739,0.08360809348690851,0
-1.9018334214749397,-0.626901706889251,-0.3526134248184926,0.09126501049354446,0
-1.8626466367127992,-0.12174114528101282,-0.4713692126990952,-0.005276571746566486,0
1.853951466549261,-0.5034831512502678,1.5142302975033342,0.5632072534301316,1
7.438696546050216,-1.9093042531216204,-0.7027641617250967,0.6608498565090962,1
1.1953128313371848,1.2799535897224323,0.31151203160886115,-0.1171232825199614,1
-2.195070109769107,-0.7800045987300389,-0.355573457316348,0.12031180041278317,0
-0.9335850644265676,0.1103640280032785,0.28248110025506273,0.2320358693934316,0
-0.43201439624028093,-0.12262362523269192,0.6090970757636835,0.13362931852989468,0
-1.1526561857852489,-0.45611982246605465,-0.7024774464815442,0.005542815227463191,0
-2.5496146146800025,-0.4191856579240848,0.2932270065744791,0.3408400463746539,0
-2.130115558755205,0.2021643692155034,-0.017175206625751276,-0.00397016531343414,0
-1.8777374353131702,0.1452127610388819,-0.9334504754687122,0.10237874020254456,0
-1.0619173077392285,0.779319901431419,-0.4285730916407315,0.14392411575482833,0
-1.262054688593331,0.15919722538472236,-0.13506318370625148,-0.18044053986836547,0
0.33813512587222616,-0.2668167447432224,-0.6951606837185988,0.13823811426241883,0
-1.224606125227559,-0.2721604359099824,-0.5143953124333626,-0.20304062864111527,0
3.106007233766236,0.02343650960036484,-0.8219395821177798,-0.23687628322596277,1
4.02164097961338,0.9557274209958798,0.26645506729409557,0.3644953303743754,1
-1.1551857503690937,-0.05270139201028708,-0.10389935054553018,-0.29136394395625564,0
4.44577465387279,-1.2413159103333997,-1.8280953671002274,-0.6302519994364998,1
5.343569812593144,-0.4547611856284679,-0.09456335469944804,0.2987823630290132,1
2.130744053834699,0.4681855148120302,0.9607153251447067,-0.28308939213207396,1
-0.7070376265703457,-1.2574309650880946,-0.7080337046387936,-0.13171387667814416,0
3.2984486721375728,-1.6816164724142177,-0.12614833600149866,0.6787484266786245,1
3.4776354090014236,-1.116275001791653,-0.5829176602911517,-0.39091208743063166,1
-1.0858978229749434,-0.5084084973650975,-0.5488882585952716,-0.130672168543832,0
0.2863721682465955,-0.8175573378216155,-0.15037512787968133,0.020403559909712876,0
-0.9584670815584546,0.3112973057063587,1.4694987018508903,0.22547274932854725,0
-0.77025551793416,2.315393034015024,-0.5475722127647537,-0.10407468515826668,0
-0.8977194003054064,-0.7890954302112732,-0.13030336903003625,-0.3008307253845888,0
0.15138269398835438,-0.2629852408217367,2.2386283367250113,-0.7507425526156176,1
-1.0673357214957526,-1.3509528496331262,0.9090458902931019,0.07300996159000234,0
-1.9263332272352998,-0.6511244825357735,0.02253656141409125,0.011580506697160873,0
-0.9640624074097511,0.9818566981475071,0.4619796993019486,-0.10052229515329573,0
-1.0094760734960242,-0.2238699029382187,0.07114532407203333,-0.21323525190154005,0
-1.100681835838583,-1.0893497174322577,-0.1629283344055784,-0.14119891625698933,0
0.25851303306656426,0.8724741156668059,0.3722002052363849,0.01204081908807522,1
-1.447197183987452,-0.9461189020162449,0.05143022687338273,-0.13464031775454904,0
-1.27629336283657,-0.4178364803341179,-0.9957496053887704,-0.1870996901658466,0
-1.709109744277258,-0.575057006061971,0.2365701347385916,0.04525098858515572,0
2.744296208470753,0.3572961176333977,0.07123862871325748,0.4175842824439896,1
-2.2843381314974827,-1.2315781576549354,0.13128441979094743,0.021116462854192216,0
-3.060575674417876,0.053674102580142526,-0.42054435341319046,0.2702878959144316,0
2.1604474330372962,-0.29827508705485345,0.7188142565885779,-0.43524228673088783,1
4.883267470772528,-0.3133409281554991,0.34162892416540275,0.6116962781016124,1
-1.3440276971442928,-0.10015756614898585,-0.11146855040655446,0.21462831353736325,0
-0.8332268577971264,-0.3168928847972971,-0.32888334578925027,0.07365715071440124,0
-0.16341613209801711,-0.10381567445417426,0.6580195833666213,-0.07260064382838752,0
-1.0169740321849028,-0.241161180815093,0.06077988934628115,0.22256526969312274,0
-2.0802749516944816,-0.6168934815989272,-0.30405500862477264,-0.18324453838497573,0
-1.6701171608349574,-0.1224708100311791,-0.3511683792786976,-0.018292246419984285,0
2.8048708039252106,-0.19686868062153864,0.5459601984834396,0.40606847759672515,1
-1.779418575983696,-1.6085400711382762,-0.32427399329983797,-0.1775473226607569,0
-1.1967985797027552,0.03421201971662043,-0.43050857682615623,-0.0962851843782519,0
-1.2624496600462494,-0.477635185378005,-0.13487508617702,-0.10556497843370757,0
-1.769501822852401,-0.6548042600794176,-0.4085611728704058,0.1461521060385092,0
-1.5250148147048197,0.12431107252266677,0.24117665890641082,0.06752465427275745,0
0.17876778016777764,-1.0581765647341932,-0.47376363970318064,-0.10947446978769079,0
-1.1725149632107987,0.7604200909673905,-0.4578890465123538,0.01136133637855141,0
2.310485065908777,-0.15503509966357967,0.2745901201763958,-0.11680453366098043,1
-1.1197300827775483,-0.10026120560927541,0.07482756984232797,-0.1765968043583572,0
-1.4840596785690647,-0.111861607749071,0.11422807230117793,-0.18449256354675883,0
-1.7181999450215857,-0.248700614178004,0.13751642963688288,0.029240568646924644,0
-2.560901331295733,1.0828311730603704,-0.08791330908922296,0.22831272488314003,0
0.2523441733388072,0.628646953948038,-0.016403661724806777,-0.3057111379766002,0
0.14653936406104437,2.5205983456616075,-0.7480442531009845,0.036203040361816874,1
-1.2949001602471895,0.7041382739754128,0.08777018863841067,-0.07936495114742323,0
-2.286796342924314,1.026292298659513,0.03316248360052065,0.20749503435865052,0
2.609573758631163,-0.0890756143773953,0.34936855618116397,-0.7292354411664971,1
-1.5114318597636092,-1.3772188992914358,-0.16449475760737992,-0.10851804758578953,0
-1.8662991272033929,0.89580428934729,-0.2639080087023144,0.059521941261244216,0
-1.5869099584823452,0.27600170429151294,-0.16637100893041507,-0.14381586790085288,0
0.0015705861143262103,-1.2642476815633903,-0.026747706879408768,0.18591632951223577,0
-1.2104851725657098,-0.5792147937932938,0.6334969240980287,0.1192600331971543,0
-0.13627332615661814,-0.036776069122328274,0.4755761754138958,-0.1754727907954522,0
-2.176169353238282,0.38685199271242915,0.08365461259977265,0.22782827067673894,0
-2.3780383647560797,0.9632580075949794,-0.24701189097703447,0.16670220287425686,0
-1.76935685626561,-0.6832312020063718,0.3284623988203184,-0.2063792810716979,0
-1.5314747257309842,0.9515528475062379,0.06163532572921191,-0.19353276391926283,0
-2.1987186927635554,-0.18330382506087434,-0.2418241669025193,0.17413324672798192,0
-1.5790216493493996,-0.03122939535924468,-0.6343217130037042,0.17228330628866384,0
1.8133676265306096,0.3024016927958959,1.721351810195925,-0.2201549301004313,1
-1.354113525381322,-0.10951429866424683,-0.04939532732143049,0.0820757487123766,0
3.3224377632519126,-0.6585795622166656,0.415585758339074,0.5267330852417339,1
2.5871130166089404,0.13320862602150804,-0.2985235745350418,0.039551773215991626,1
-0.5918196067918731,-0.40131170766192337,-0.5930769655464198,-0.07018429422091327,0
0.7117497687522304,-0.10436142429217879,0.8231834077833619,-0.3730552789725918,1
-1.1365702309237098,0.3173822302958802,-0.405218356906977,-0.055476812758445126,0
-0.8146860974382119,-0.5889627129153646,-0.517335841375291,-0.03420869779556035,0
-0.8498006686069232,0.28932196416676426,-0.665048228184399,-0.01885879753481057,0
-0.9530651955335714,-0.6469361074199174,-0.38315187948177837,-0.07400036798887505,0
-0.9319855692341609,-0.36068470004296516,1.0056330635806392,-0.4559171875624752,0
1.8209765434400644,1.1067784695347087,-0.061892650868659395,-0.4427991516787488,1
-1.4141405391714068,-0.4773526241406968,-1.0635471829372614,-0.05208435856616622,0
-2.4515512939205797,0.2706846936542057,-0.28605155274022437,0.3244254602666972,0
1.4406329822043313,-0.8407587560045506,-0.413544528826221,-0.20726433351812903,1
-0.6599696927139881,1.413748808370031,0.747529344229736,0.062166197899503575,0
2.715094422951815,1.5252111887509476,0.24293738871336412,-0.24471827298084686,1
-0.5448572680062748,-0.23005351270847632,-0.654688537550756,-0.23692542759823945,0
-0.31397137350472265,0.10834882548038892,-0.417333701945981,-0.22230462551911825,0
4.128379559147688,-0.531106142206653,-0.1769434923381445,-0.0010354159083801905,1
-1.2721838232563192,0.7790109165264479,0.19732476613452568,-0.05026220809883408,0
2.521793635275405,0.8586575723196591,-0.4364048246891469,0.4902740792085477,1
-1.0552703502369345,2.335964784804473,0.035162407137974146,0.024995680800227068,0
-0.22703991430756748,-1.2345784986216992,0.10218722885320135,0.3622112908673563,0
-1.0859022251111652,-0.2815153513209418,-0.017627743320824917,-0.2871140372016425,0
-0.2695657161319417,2.776122503276865,-0.09268573080324062,0.1360939879141915,0
-1.0346430972286824,2.5838877470638595,0.055604900076096204,0.03479257019365195,0
-0.9268966078744322,1.6250950099162653,-0.36327808197830963,0.07319236175871735,0
-0.9979289567863234,1.6143828107180807,-0.38210261271515594,0.00920868261116131,0
-1.9453583400794385,2.4923874228080107,0.20543086855246162,0.16723203756915767,0
2.3671312050030657,1.4440745171569,-0.47719258478194015,-0.4546312773231505,1
8.692990254135252,0.008334145379124667,-1.953215236917069,0.5135018402229328,1
-0.5549849374510646,1.9866782035804023,-0.700898239058294,0.02479642855512387,0
-1.5520851517416405,0.09051623520281507,0.07071568031388589,-0.16083853680225504,0
-0.7775735049923898,-0.09191251065354616,0.0006928116802025538,-0.2346395289425327,0
-0.1701814682397546,0.24777764680161296,0.13719392529721652,-0.6413382282571003,0
-0.4362841064967349,0.4271841361120996,0.20617930520133385,-0.23966886566907425,0
-2.52833295378036,0.24132459702887393,-0.2791157300493858,0.12986800320301695,0
2.6862583601820442,0.3949251310532646,0.40421332335580434,0.02704473798302331,1
-0.6445852212729172,-0.19759802569603832,0.9934848035114252,0.005942049569999217,0
-2.1509780612701905,0.22746624946933786,0.23419575915851398,-0.0007166184058423641,0
-1.023814563251476,2.3163325744826504,-0.13725355263890993,0.18419421298010574,0
-0.1959338848261339,-0.961183789982551,-0.3874112540935914,-0.4020716390209401,0
-1.577885206548106,2.9122543086509345,-0.9195631808803518,0.22417656562416055,0
-1.8913732420224036,-0.49468708057387145,0.11809352768777398,-0.17955640211302837,0
-1.0496590423422547,-0.6341830822435565,0.03147895917344918,-0.12970190231377213,0
0.0111307802756848,0.3097341659570863,0.0047897034173210225,-0.5541687693823681,0
-1.1048592959452699,-0.35806302615082597,-0.756392177079816,-0.21016723638450874,0
-1.8104460735050432,-0.7517548938292677,-0.006973487261802825,-0.06931107994134439,0
1.3922623874042506,-0.28278471707270286,0.7073628457903718,0.27594652992407476,1
-1.5687677989336835,0.04170599645427862,-0.36285469419829697,-0.052591461546322216,0
-0.6156156411271388,0.15827413821615116,-0.5641227826960639,-0.2983426953098383,0
-0.5162955151871654,-1.1718973936189487,0.4893945448843928,-0.034719228735084234,0
-0.8012765085564547,-0.21981314828938744,-0.165322308104775,-0.05965451425063889,0
0.228028472942984,-1.960012034918714,0.12568789439162023,-0.05457141648147512,0
-0.5968351860223168,-0.6004022906195271,0.6242979330993953,-0.12055569645854354,0
-0.5599334125826548,-0.42274947616156966,-0.6473903177214433,-0.11901063313324944,0
3.329543006908082,-0.7976576566320767,0.12970301981449034,0.24324190402861234,1
-1.291552671394453,-0.49577014408272047,0.26250166240256684,-0.09981367802228007,0
0.3793543377465278,0.22680706803715778,-1.161594079027325,-0.40236612743279776,1
-1.2111005693858512,1.0239299480624808,-0.3672138558747381,-0.18501584857272335,0
0.4683591278173698,-1.454966649656986,-1.3099511862554114,0.0005957098027525843,0
2.015255291659536,-0.07540962104774793,-0.42032779586556557,0.005642279020507621,1
-2.1011342070359484,-1.0700492142941613,-0.7542998899671033,0.13829324228251172,0
-1.277889283341461,0.6037299428328095,-0.7436821967659634,-0.011812927496329563,0
-0.06982784061577677,0.23255814070143319,-0.098145544378521,0.17985727123109221,0
-0.41705385736316586,-0.22378236764793777,0.7055524428539436,-0.12316478692888838,0
-1.0508504677658985,-0.255995329716631,0.0899621672706912,-0.32386386214722807,0
2.374532120350394,-0.879790639176627,-0.32032548994521587,0.07017763453163173,1
3.7006349980111506,-0.28168248526113515,-0.12263028787349245,0.1574668837487292,1
0.06369996523730777,-0.6189073527252429,-0.12403556636292683,0.2915796842821663,0
0.5673426532314635,1.0732271584339386,0.7582105546237369,0.06915084032711155,1
-1.2623151710508185,-0.4584800698453759,0.05117267372431633,0.06940215144390555,0
5.354438128611761,-0.8377775961936264,-1.443583607711322,-0.6353434316468242,1
-1.9155843316329992,-1.2207552678660036,1.0602224154528062,0.3896471828523432,0
-1.607562400884602,-1.2393151977514507,1.2548712330575278,0.6808773081596431,0
-1.3242335042156301,0.4446429169896168,0.01996812359783797,-0.06682730271072751,0
-1.5024771126472412,-0.2634313441083752,0.6357623840524254,0.2659143217071562,0
0.27031676601277327,-0.8971673486866477,-0.1808994061514991,-0.1851347557287131,0
1.5736489743833506,0.7140080163283902,1.245653843061679,-0.13559355052743627,1
-1.513887455581355,-0.8103062678199003,0.3565100542850635,-0.16324483117899624,0
-0.7976385579617941,-0.8915172653776622,-0.6189282855193633,-0.09635918781358982,0
0.9639194996037203,0.021405405337412368,1.3517917291226618,-0.21954995766919738,1
-0.3942209445355292,-1.2317655333189115,-0.41704785025319097,-0.003534172720386033,0
0.18135111174810986,-0.06407349557864377,-0.2931761509195342,-0.16853227929004183,1
-1.5364433199379688,0.12961729848503428,0.2654775940370248,-0.0030071060864969045,0
2.288194731071585,-0.14474699245867237,-0.28416816149975677,0.3294754733039975,1
2.961510224868804,-0.3261568066754549,-0.6671990632931569,0.14021619328645457,1
-0.45866989050419227,-0.18302488259459365,0.3332203988753546,0.09455540711937566,0
-1.10110476597213,-0.3824383419292568,-0.1491185378860555,-0.04015924055098505,0
-2.3497353760369086,-0.8409329284261986,0.4417703346820867,0.1057546389794844,0
6.1282765687381575,-0.6488929175431741,-0.7880399506990216,0.3111887478791534,1
-2.1577621583219537,0.5875562557470078,-0.4474903686459424,0.12005664353360002,0
-0.38383873481775194,-0.07778490943842994,0.255575816276953,-0.26126415610954956,0
-2.120219308388502,-0.4504038942710323,0.2512937107059438,0.11797943294908722,0
-2.6187231876014434,-0.9840448917946519,0.6133923482589996,-0.09739356227639367,0
-0.3297654888589153,-0.06743952923814615,0.31924741903432136,-0.5361741912493431,0
-1.3726930157320223,-1.397548830830102,0.15475105647575452,-0.2663255110237901,0
-0.5738790179452,-1.373237635347773,0.2627508558302242,0.508797044051648,0
-1.558655459289827,-1.0714266657385954,-0.09877968286338983,0.014597164799747762,0
-1.0180020317732774,-0.23538316866105688,0.4244141427658533,0.10650633835188142,0
-1.3271348352406755,0.4429535452589235,0.04111728088525741,-0.12859958851683484,0
-0.8597648029936343,-0.48909435905330356,-0.47565861419526684,-0.3683154972293484,0
3.004544885286338,-0.25670193202541236,-0.5896432095329764,0.4431211064927029,1
-1.625391843777918,-0.10444810710457753,0.5177957954892652,-0.028239337429943282,0
3.9144082601403434,-0.4403895450026724,0.13590713345389277,0.48356934911683735,1
0.26134214633409475,0.6841653623458547,0.523768780413903,0.146518910534625,1
-0.606576836020021,1.2894632030551363,0.9070956795787758,-0.018065063622470904,0
-2.9283147236651903,2.059502867623245,-0.09581175555051058,0.403128814058209,0
-2.5479501898610115,1.9260384909066737,0.6126618633433877,0.30701560387002674,0
-1.8398543039778095,-0.7906891854384706,0.04607321707735205,0.11457195264902117,0
0.26880402859154207,1.3106299592836428,-0.01619069104187256,-0.2281338697514401,0
0.08268085082858366,1.4614469052734733,-0.20399598814606784,-0.2598644833453634,0
-0.5220775498207242,2.1868117586273486,-0.005963512049425095,0.15759893770261207,0
-0.8181381367113444,0.5321165556993,-0.48136972761372004,-0.029481395026825178,0
-0.6812899974533704,1.1014605783172298,-0.39807844615293025,-0.03743651353912525,0
-2.56138255557433,-0.1640389937473842,-0.3754831871777391,0.14846568830772222,0
-2.0105898670649087,-0.27360624638242403,0.46558549171107677,0.06330962701353884,0
-2.3924696072502134,0.4931776543500227,-0.05271708354634242,0.13451448491906376,0
-1.7303965729561805,1.54828086297143,-0.4154871529375521,0.022561300736003816,0
-2.4144641271818674,1.045055442102488,-0.6971522997540358,0.25406404046768627,0
-1.608825702597883,1.0601289730938963,0.1291553212529114,0.1525121162563719,0
-0.8931957903411765,2.60535049240595,-0.22008797314125642,-0.011426851694245179,0
-2.5314357534580503,1.124619136599572,0.044094633947134636,0.4026501418518692,0
-0.8030112916837534,2.4574197437211818,-0.15012146002977073,0.13912481036102092,0
-1.4404430866455162,2.2144176997979326,0.7466885022982467,0.15362030411225516,0
-2.475663158538954,0.5720699833725057,-0.1972904904842721,0.3366697449911653,0
-2.444671642283604,2.5489625564967473,-0.35070021996619105,0.35010795378301873,0
-0.08853769410408105,0.8293542732807869,-0.05648046227119729,-0.09681118664341874,0
-0.9956246704971617,1.260602976672114,0.5790278299830466,0.21737887903489267,0
-0.021330612688759663,1.862002161488761,0.14231907003475544,0.08902203624758266,0
-1.9816363090565499,2.8293833966817763,-0.6430814174276842,0.3134704495874403,0
2.271677196695597,2.1465078269803266,1.5392508351452443,-0.18401662762211002,1
4.829958065148394,0.35998952862049016,0.5632071545117371,0.3871797301373485,1
4.503053584387873,-0.19060272146314902,-0.04463982818459094,0.6051015889583433,1
3.3576086145380084,1.4759580874331826,-0.5123632180719139,0.3410659493643098,1
1.3905962942424592,1.8260244444773888,-0.1564187277291625,-0.19105383462796635,1
5.251045514568305,1.2827060050118602,0.7427471827994274,0.22367857747976838,1
-2.9067248361931557,1.8349165759053685,-0.1542916806756272,0.36069348147400665,0
